Workbook

Sheet Sheet1
A1: Name | B1: Grade | C1: Events | D1: Placements | E1: Years
A2: Karen Huang | B2: 12 | C2: =concatenate(Sheet2!A2, ", ", Sheet2!B2, ", ", Sheet2!C2) -> Chemistry Lab, Materials Science, Circuit Lab | D2: Chemistry Lab:1, Circuit Lab:5 | E2: 4
A3: Dhruv Subramanian | B3: 10 | C3: =concatenate(Sheet2!A3, ", ", Sheet2!B3, ", ", Sheet2!C3) -> Anatomy & Physiology, Designer Genes, Disease Detectives | E3: 2
A4: Yookta Pandit | B4: 9 | C4: =concatenate(Sheet2!A4, ", ", Sheet2!B4, ", ", Sheet2!C4) -> Disease Detectives, Designer Genes, Anatomy & Physiology | E4: 1
A5: Aditya Gandhi | B5: 10 | C5: =concatenate(Sheet2!A5, ", ", Sheet2!B5, ", ", Sheet2!C5) -> Designer Genes, Machines, Water Quality | E5: 2
A6: Brandon Louie | B6: 11 | C6: =concatenate(Sheet2!A6, ", ", Sheet2!B6, ", ", Sheet2!C6) -> Materials Science, Chemistry Lab, Water Quality | E6: 3
A7: Kevin Ji | B7: 11 | C7: =concatenate(Sheet2!A7, ", ", Sheet2!B7, ", ", Sheet2!C7) -> Boomilever, Bungee Drop, Materials Science | E7: 3
A8: Claire Zhao | B8: 11 | C8: =concatenate(Sheet2!A8, ", ", Sheet2!B8, ", ", Sheet2!C8) -> Anatomy & Physiology, Disease Detectives, Designer Genes | E8: 2
A9: Zara Song | B9: 10 | C9: =concatenate(Sheet2!A9, ", ", Sheet2!B9, ", ", Sheet2!C9) -> Disease Detectives, Designer Genes, Entomology | E9: 2
A10: Isabella Luo | B10: 9 | C10: =concatenate(Sheet2!A10, ", ", Sheet2!B10, ", ", Sheet2!C10) -> Entomology, Codebusters, Rocks and Minerals | E10: 1.5
A11: Adithi Ravikumar | B11: 9 | C11: =concatenate(Sheet2!A11, ", ", Sheet2!B11, ", ", Sheet2!C11) -> Disease Detectives, Astronomy, Anatomy & Physiology | E11: 1.5
A12: Anson Ng | B12: 12 | C12: =concatenate(Sheet2!A12, ", ", Sheet2!B12, ", ", Sheet2!C12) -> Engineering CAD, Materials Science, Codebusters | E12: 1.5
A13: Michelle Liao | B13: 12 | C13: =concatenate(Sheet2!A13, ", ", Sheet2!B13, ", ", Sheet2!C13) -> Engineering CAD, Circuit Lab, Helicopter | E13: 1.5
A14: Arjun Rajkumar | B14: 9 | C14: =concatenate(Sheet2!A14, ", ", Sheet2!B14, ", ", Sheet2!C14) -> Anatomy & Physiology, Astronomy, Codebusters | E14: 4
... A31: Aiden Wang | B31: 11 | C31: =concatenate(Sheet2!A31, ", ", Sheet2!B31, ", ", Sheet2!C31) -> Engineering CAD, Boomilever, Helicopter | E31: 1

Sheet Sheet2
A1: Event | B1: Event | C1: Event
A2: Chemistry Lab | B2: Materials Science | C2: Circuit Lab
A3: Anatomy & Physiology | B3: Designer Genes | C3: Disease Detectives
A4: Disease Detectives | B4: Designer Genes | C4: Anatomy & Physiology
A5: Designer Genes | B5: Machines | C5: Water Quality
A6: Materials Science | B6: Chemistry Lab | C6: Water Quality
A7: Boomilever | B7: Bungee Drop | C7: Materials Science
A8: Anatomy & Physiology | B8: Disease Detectives | C8: Designer Genes
A9: Disease Detectives | B9: Designer Genes | C9: Entomology
A10: Entomology | B10: Codebusters | C10: Rocks and Minerals
A11: Disease Detectives | B11: Astronomy | C11: Anatomy & Physiology
A12: Engineering CAD | B12: Materials Science | C12: Codebusters
... A31: Engineering CAD | B31: Boomilever | C31: Helicopter
